rest_name,cuisine,ratings,location,num_reviews
Din Tai Fung,Taiwanese,4.5,Xinyi District,4730
Umeko Restaurant,"Chinese, Japanese",4.5,Zhongshan District,638
Shin Yeh Taiwanese Cuisine-Original Restaurant,"Chinese, Asian",4.2,Zhongshan District,692
Din Tai Fung (Shinkong Mitsukoshi),"Asian, Taiwanese",4.4,Zhongshan District,743
Fuda Dumpling,"Chinese, Asian",4.4,Zhongshan District,363
Jin Feng Lu Rou Fan,Chinese,4.2,Zhongzheng District,867
Hangzhou Xiaolong Bao,"Chinese, Asian",4.2,Da'an,807
A Point Steak & Bar,"Steakhouse, Diner",4.9,Xinyi District,511
Formosa Restaurant,"Chinese, Asian",4.9,Da'an,183
Din Tai Fung,"Chinese, Asian",4.4,Zhongzheng District,4915
Le Blanc,"American, Steakhouse",4.8,Da'an,2602
Lao Shan Dong Noodles Made by Hand,"Chinese, Asian",4.1,Wanhua,62
Sihai Soy Milk,"Chinese, Asian",4.4,Datong,155
Yangtse River,"Chinese, Asian",4.9,Da'an,713
食令Shabu,"Seafood, Asian",4.9,Xinyi District,1375
Shin Yeh Japanese Buffet - Guancian Restaurant,"Japanese, Seafood",4.4,Zhongzheng District,1753
Le Mian Wu,"Japanese, Asian",4.9,Da'an,469
Yen Chinese Restaurant,"Chinese, Asian",4.7,Xinyi District,1416
Yang Shin Vegetarian Restaurant,"Cantonese, Taiwanese",4.4,Zhongshan District,2432
Addiction Aquatic Development,"Japanese, Seafood",4.2,Zhongshan District,1384
Palais de Chine Hotel -Le Palais,"Chinese, Asian",4.5,Datong,934
Din Tai Fung (Fuxing Branch),"Chinese, Asian",4.4,Da'an,1120
Mosun Teppanyaki,"Southwestern, Asian",4.9,Da'an,881
Umeko Japanese Unagi House,"Japanese, Sushi",4.8,NA,361
Lin Dong Fang Niu Rou Mian,"Chinese, Asian",4.2,Zhongshan District,581
Wulao,"Chinese, Asian",4.4,Zhongshan District,780
Mosun Teppanyaki,"Southwestern, Asian",5,Zhongzheng District,156
Diamond Tony's 101 Authentic Italian Cuisine,"Italian, European",4.2,Xinyi District,2230
Dian Shui Lou - Huaining,"Chinese, Asian",4,Zhongzheng District,536
Kanraku benjo shudai sanchō,Asian,4.7,Shilin,618
Le Mian Wu Japanese Restaurant,Japanese,4.8,Wanhua,378
WOOBAR,"Bar, International",4.8,Xinyi District,979
Shi Ling Shabu,"Seafood, Asian",4.9,Zhongshan District,243
Matsusaka Tei,"Japanese, Barbecue",4.9,Xinyi District,359
Nowhere Taipei,"Mexican, Bar",5,NA,67
Meat Boss Shabu Shabu Hotpot - Dunhua South,"Chinese, Asian",4.9,Da'an,700
Marshal Zen Garden,"Chinese, International",4.1,Beitou,304
Meat Boss hotpot - Jin Xi,"Chinese, Healthy",4.9,Zhongshan District,443
Inparadise 饗饗,"French, Chinese",4.3,Xinyi District,155
Saffron Fine Indian Cuisine,"Indian, Asian",4.6,Shilin,245
Shang Palace,"Chinese, Asian",4.8,Da'an,452
Host Shabu,"Seafood, Asian",4.8,Xinyi District,2459
Fresh & Aged Italian Steak House,"Steakhouse, Fusion",4.4,Neihu,447
Mayur Indian Kitchen MIK-1,"Indian, Pakistani",4.7,Xinyi District,1419
ShinYeh Japanese Buffet - Jiankang Restaurant,"Japanese, Sushi",4.3,Songshan,2168
Yong Kang Beef Noodles,"Chinese, Asian",4,Da'an,851
Mala Yuanyang Hotpot,"Chinese, Asian",4.3,Wanhua,243
King of Soy Milk,"Fast Food, Asian",4.2,Zhongshan District,273
Rakuken Taipei,"Japanese, Steakhouse",4.8,Da'an,345
Silks Palace,"Asian, Cantonese",4,Shilin,319
Jingding Xiaoguan,"Chinese, Asian",4.3,Songshan,248
Din Tai Fung (Tienmu),"Chinese, Asian",4.5,Shilin,350
King Ping Tea Restaurant,"Chinese, Asian",4,Zhongshan District,499
Moonlight Cantonese Restaurant - COURTYARD TAIPEI,"Chinese, Asian",4.8,Nangang,411
Osteria By Vincent,"Chinese, American",4.8,Da'an,263
Bunafei Belgian Beer Restaurant,"Italian, American",4.8,Zhongshan District,520
Fuhong Beef Noodles,"Chinese, Asian",4.2,Wanhua,181
No 168 Prime Steakhouse,"Steakhouse, European",4.5,Zhongshan District,944
Mediterranean Steak House At The Riviera Taipei,"Steakhouse, European",4.6,Zhongshan District,1317
Tokiya (Beitou Guangming Branch),Asian,4.2,ng Branch)4.24.2 of 5 bubbles(173 reviews)6.6 miBeitou,173
ShinYeh Japanese Buffet - Jhongshan Restaurant,"Japanese, Sushi",4.3,Zhongshan District,2049
Rice & Shine Restaurant,"Chinese, Taiwanese",4.5,Datong,89
Beef Noodle of the King,"Chinese, Asian",4.3,Zhongzheng District,219
Irodori Grand Hyatt Taipei,"Japanese, Sushi",4.2,Xinyi District,582
W XYZ Bar,"Bars & Pubs, Contemporary",4.9,Zhongshan District,560
Bencotto,Italian,4.4,Songshan,345
Texas Roadhouse,"American, Steakhouse",4.3,Xinyi District,894
T.G.I.Friday's Hsi-Men Restaurant (Ximen Dian),"American, Bar",4.2,Wanhua,519
Spice Market,"Seafood, Asian",4.3,Xinyi District,993
Cafe - Grand Hyatt Taipei,"Chinese, International",4.2,Xinyi District,1660
Prime One Steak House,Steakhouse,4.4,Zhongzheng District,292
Lawry's The Prime Rib,"American, Steakhouse",4.4,Xinyi District,1983
Danny’s Steakhouse,Steakhouse,4.3,Zhongshan District,1634
Chamonix Teppanyaki - Taipei Zhongshan N.Branch,"Asian, Soups",4.5,Zhongshan District,1166
Tim Ho Wan - HOYII Main Station,"Chinese, Asian",4,Zhongzheng District,781
Dragon Restaurant,"Chinese, Asian",4.2,Zhongshan District,260
Mayur Indian Kitchen MIK-2 - Minsheng E. Road,"Indian, Asian",4.6,Songshan,786
Kiki Restaurant,"Chinese, Asian",4.4,Da'an,440
Café Un Deux Trois,"Steakhouse, International",4.4,Songshan,718
A Cheng Goose,"Chinese, Asian",4.5,Zhongshan District,151
Chamonix Teppanyaki (Taipei Nanchang Branch),,4.4,Zhongzheng District,526
Nook Restaurant,"Chinese, American",4.5,Beitou,39
Qi Yan No.1 Sichuan Cuisine,Chinese,4.6,Beitou,54
Sunrise all day dinning - COURTYARD TAIPEI,"European, Asian",4.4,Nangang,1070
Tha Top,"Chinese, Asian",4.1,Shilin,155
Bravo Beer - Taipei Civic Store,"Italian, American",4.8,Songshan,537
Merlot Cafe & Bistro,"Italian, European",4.6,Zhongshan District,394
Golden Formosa,Taiwanese,4.3,Shilin,78
Ruth's Chris Steak House,"American, Steakhouse",4.5,Songshan,478
Top Cap Steakhouse,"Steakhouse, European",4.3,Xinyi District,499
ikki New Japanese Restaurant(Taipei Hengyan),"Japanese, Asian",4.4,Zhongzheng District,657
Modern Toilet Theme Restaurant - Taipei Ximending,Asian,3.4,Wanhua,536
Taiwanese Cuisine & Champagne at Fujin Tree,"Chinese, Asian",4.1,Songshan,57
Balle Balle Indian Restaurant,"Indian, Asian",4.6,Songshan,691
Taïrroir,"French, European",4.4,Zhongshan District,288
Gusto,"Italian, Pizza",4.7,Zhongzheng District,103
Pearl River,"Chinese, Asian",4.6,Da'an,323
Jin Din Rou,Taiwanese,3.9,Zhongshan District,902
Liu Shandong Beef Noodles,Chinese,4.1,Zhongzheng District,193
Rilakkuma CafE,"American, Cafe",4.3,Da'an,2685
Top One Pot - Xinyi,"Chinese, Asian",4.4,Da'an,760
Orange Shabu Shabu House,"Japanese, Seafood",4.4,Da'an,157
"Mayur Indian Kitchen Vegetarian restaurant, MIK-3",Indian,4.5,Zhongshan District,344
Tien Hsiang Lo,Chinese,4.3,Zhongshan District,208
Toasteria Cafe Yong Kang,"Bar, Cafe",4.4,Da'an,167
Haidilao,"Chinese, Asian",4.3,Xinyi District,230
Grand Hilai,"Chinese, Japanese",4.3,Da'an,6460
Yu Shan Ge,"Chinese, Asian",4.4,Zhongzheng District,376
L'Atelier De Joël Robuchon,"French, European",4.3,Xinyi District,401
Woolloomooloo,"Cafe, Fusion",4,Xinyi District,189
Antico Forno Pizza,"Italian, Pizza",4.4,Da'an,156
Sunway Siokudo,"Japanese, Sushi",4.1,Wanhua,134
M One Cafe,"American, Cafe",4.2,Da'an,237
Tao-Yuan-Street Beef Noodle Shop,Taiwanese,4.1,Zhongzheng District,259
Si Fang a Jiu Minced Pork Rice,"Chinese, Asian",4.3,Wanhua,92
Zhouji Rouzhou,"Chinese, Asian",4.1,Wanhua,172
Din Tai Fung,"Chinese, Asian",4.5,Xinyi District,188
Brasserie,"Chinese, International",4.2,Zhongshan District,365
Liang Ji Jia Yi Jirou Rice,"Asian, Taiwanese",4.3,Zhongshan District,173
Top One Pot,"Chinese, Asian",4.3,Zhongshan District,677
Ya Ge,"Chinese, Asian",4.3,Songshan,137
Qingcaiyuan Restaurant,,4.5,Beitou,50
Ichiran Ramen - Taiwan Taipei Shop,"Japanese, Fast Food",4.1,Xinyi District,161
Manlai Hot Spring Ramen,"Japanese, Asian",3.7,Beitou,121
Niang Zi Korean Food,"Barbecue, Asian",4.2,Songshan,1268
Kanpai Classic - Xinyi,"Japanese, Barbecue",4.3,Xinyi District,109
Jinan Fresh Steamed Dumpling,Taiwanese,4.1,Da'an,222
Aoba (Green Leaf) - Zhongshan,"Chinese, Asian",4.1,Zhongshan District,126
Just Italian Restaurant,"Italian, Pizza",4.2,Da'an,275
Kitchen 12-Sheraton Grande Taipei Hotel,Asian,4,Zhongzheng District,3589
Ruth's Chris Steak House,Steakhouse,4.5,Zhongshan District,265
Le Cafe - Hotel Royal-Nikko Taipei,,4.3,Zhongshan District,1844
Metro Buffet - Caesar Metro Taipei,"Chinese, Japanese",3.9,Wanhua,179
the Diner- Ruian,"American, Healthy",4.1,Da'an,290
Ximen Jinfeng,"Chinese, Asian",4.2,Wanhua,87
Chun Shui Tang (National Theater & Concert Hall),"Chinese, Asian",4.2,Zhongzheng District,109
Yakitori - Songjiang,"Japanese, Bar",4.4,Zhongshan District,458
Rakumenya-Nangang Shop,Japanese,4.7,Nangang,387
Silks House,"Chinese, Asian",4.3,Zhongshan District,118
Restaurant Page,"Italian, French",4.6,Zhongshan District,117
Golden Phoenix Hall Cantonese Cuisine,"Chinese, Asian",4.2,Zhongshan District,669
Steak Inn,"Steakhouse, Seafood",4.4,Da'an,505
Yakitori - Da Zhi,"Japanese, Asian",4.4,Zhongshan District,328
Shin Yeh Shiao Ju-Nangang Restaurant,"Chinese, Asian",4.2,Nangang,45
Da Dao Cheng Braised Pork On Rice,"Asian, Taiwanese",4.7,Datong,27
"M.O. Bar at Mandarin Oriental, Taipei","Bar, Wine Bar",4.8,Songshan,188
Mume,European,4.1,Da'an,231
Ali Baba's Indian Kitchen,"Indian, Arabic",4.2,Zhongshan District,106
Toutouan Kaiseki Restaurant,Japanese,4.5,Da'an,525
Jiulinluroufan,"Chinese, Asian",4.1,Zhongshan District,206
Mitsui Japanese Cuisine,"Japanese, Seafood",4.3,Zhongshan District,172
Qiao Zhi Wei Handmade Dumplings,"Chinese, Asian",4.4,Zhongzheng District,134
Hestia Tapas Bar,"Mediterranean, European",4.3,Songshan,248
Sinchao Rice Shoppe,"Asian, Taiwanese",4.7,Xinyi District,11
Wang Steak (Zhongshan N. Branch),Steakhouse,4.2,Zhongshan District,395
Yi Jia Zi,"Asian, Taiwanese",4.5,Wanhua,20
The Shrimp Daddy,"American, Cajun & Creole",4,Da'an,486
Marco Polo,"Italian, European",4.5,Da'an,217
Ming Court - Hotel Royal-Nikko Taipei,"Chinese, Asian",4.6,Zhongshan District,187
Ai Zai Cai Ru Rou Fan,Chinese,4.3,Beitou,55
Paradise Restaurant,"Chinese, Asian",4.2,Xinyi District,232
Raw,"European, Asian",4.2,Zhongshan District,201
De Loin Restaurant,"French, Contemporary",4.6,Neihu,42
Green Mountain's Chateau,"Asian, Taiwanese",4.2,Beitou,26
Shuang Yue Food,"Chinese, Asian",4.4,Zhongzheng District,65
La Farfalla - Humble House Taipei,Italian,4.2,Xinyi District,2981
Fruitful Food,"Chinese, Asian",4.4,Da'an,324
Shin Yeh Taiwanese Cuisine-Xinyi A9 Restaurant,"Chinese, Asian",4.1,Xinyi District,105
SANHOYAN - ZhongXiao,"Chinese, Asian",4.1,Da'an,860
Mountain and Sea House,"Chinese, Asian",4,Zhongshan District,89
Feng Food,"Seafood, Asian",3.9,Zhongshan District,5741
Qifu Bian Shi,"Taiwanese, Asian",4.7,NA,54
Shin Yeh Taiwanese Cuisine-Nanshi Restaurant,"Chinese, Asian",4.1,Zhongshan District,136
Mayur Indian Kitchen,Indian,4.6,Zhongshan District,325
Moksha indian restaurant,"Indian, Asian",4.7,Shilin,70
TGI Friday's,"American, Bar",4.2,Xinyi District,943
Hangzhou Xiaolong Tangbao,"Chinese, Asian",4.1,Songshan,175
Du Hsiao Yueh Restaurant,"Chinese, Taiwanese",4,Da'an,282
CÉ LA VI Taipei,"Bar, Korean",4.4,Xinyi District,69
Beitou Kagaya,"Japanese, Asian",4,Beitou,65
